<?xml version="1.0" encoding="UTF-8"?>
<urn:Clients xmlns:urn="urn:pingidentity.com:pf:oauth:client">
    <urn:Client client_id="df_client" name="Device Flow" logo="" persistentGrantExpirationTime="0" enabled="true" lastModified="2018-10-30T15:40:23.912-07:00" bypassApprovalPage="false" restrictScopes="false" jwksUri="" jwks="" clientAuthnType="NONE" enforceOneTimeJWT="false" isRequireSignedRequest="false">
        <urn:Description/>
        <urn:Grant type="urn:ietf:params:oauth:grant-type:device_code"/>
        <urn:SupplementalInfo key="ALLOW_EXCLUSIVE_SCOPES" value="false"/>
        <urn:SupplementalInfo key="DEVICE_FLOW_SETTING" value="SERVER_DEFAULT"/>
        <urn:SupplementalInfo key="DEFAULT_ATM_ID" value="jwt"/>
        <urn:SupplementalInfo key="PING_ACCESS_LOGOUT_CAPABLE" value="false"/>
        <urn:SupplementalInfo key="RESTRICT_RESPONSE_TYPES" value="false"/>
        <urn:SupplementalInfo key="ACCESS_SESSION_REVOCATION_API" value="false"/>
        <urn:SupplementalInfo key="VALIDATE_USING_ALL_ELIGIBLE_ATMS" value="false"/>
        <urn:SupplementalInfo key="ENABLED" value="true"/>
    </urn:Client>
</urn:Clients>